id;name;documentation;c_4_level;ext_element_id;image;image_content_type;project_id;project_element_id
1;azure;Facilitator;CONTEXT;Isle line Tunisia;../fake-data/blob/hipster.png;image/png;1;1
2;optimizing auxiliary Tasty;Associate Borders;CONTEXT;quantify Awesome Program;../fake-data/blob/hipster.png;image/png;2;2
3;Omani Handmade;transmit Granite;CONTEXT;Security;../fake-data/blob/hipster.png;image/png;3;3
4;users Centers compressing;multi-state systems;CONTAINERS;challenge Pennsylvania Designer;../fake-data/blob/hipster.png;image/png;4;4
5;Highway methodologies;Gibraltar;CONTAINERS;International hacking;../fake-data/blob/hipster.png;image/png;5;5
6;e-business;Global Applications;CONTAINERS;parallelism;../fake-data/blob/hipster.png;image/png;6;6
7;visualize;Florida redefine;CONTAINERS;Uzbekistan;../fake-data/blob/hipster.png;image/png;7;7
8;enable Re-contextualized Sports;Soft Marketing;CONTAINERS;Frozen Tools;../fake-data/blob/hipster.png;image/png;8;8
9;Hat;reinvent;CONTEXT;Pants Shore haptic;../fake-data/blob/hipster.png;image/png;9;9
10;Incredible Tasty harness;Synchronised efficient redundant;CONTEXT;Avon;../fake-data/blob/hipster.png;image/png;10;10
