id;name;documentation;technology;c_4_type;landscape_element_id;ext_element_id;ext_source_element_id;ext_target_element_id;project_id
1;online North;Specialist;seize pink hack;SOFTWARE_SYSTEM;SQL Egypt open-source;redundant;Romania cross-platform;evolve killer;1
2;facilitate European Designer;hacking Kentucky;Congolese Bacon;SOFTWARE_SYSTEM;firewall;Mandatory;Kids models Branding;Organized Monitored well-modulated;2
3;Congolese Fantastic;Usability Buckinghamshire Krona;Squares Technician Open-architected;SOFTWARE_SYSTEM;Organized Branding contextuall;CSS Rustic SMTP;Auto;lime Licensed;3
4;lavender Maine;Bedfordshire;deposit Fresh;PERSON;deposit Security throughput;Streamlined Berkshire;ubiquitous reinvent;Checking content-based e-markets;4
5;Loan;bypassing wireless green;circuit object-oriented Designer;SVC_CONTAINER;Niue fault-tolerant invoice;Monitored Moldovan payment;Money;Assistant program Product;5
6;maroon integrate;experiences payment Garden;Handcrafted hub program;SVC_CONTAINER;Agent infomediaries system;copying;utilize enterprise;Cambridgeshire 1080p Implementation;6
7;Azerbaijan multi-byte;Indian Re-contextualized Table;transmit Fresh;SOFTWARE_SYSTEM;Yemen bypassing logistical;generation Tuna synthesize;Alabama;mobile Sleek calculating;7
8;copy Avon;Generic;black architecture;SVC_CONTAINER;olive;open-source Cheese;Rupiah;hacking quantify Towels;8
9;Car distributed relationships;moratorium;payment Moroccan;APP_CONTAINER;Electronics Borders;Lebanon compressing;compressing;Senior Cedi;9
10;envisioneer invoice Island;Usability Zambia;whiteboard;PERSON;indigo bypass;Bedfordshire turn-key;protocol;Officer indexing;10
