id;description
08a62f88-9845-4f9e-8242-47328a;niches cutting-edge
50886048-bf28-45a2-8128-687dfa;navigate
f7afa351-c2e2-4c01-a5f3-103182;Lesotho Branding Bypass
acebee67-fa4e-439d-94f5-907dd9;interfaces Ergonomic
a188d910-a2b9-4194-80f5-806ffd;Focused Creative
7dfce140-9a17-4fb8-bdb9-7129ae;Tugrik
1499457a-787d-4dff-a470-47fad9;Monitored installation Awesome
05432e0e-53de-4951-9a2e-fb4901;initiatives models
3441358d-d5ee-4da8-b364-42b23e;Front-line Escudo revolutionary
321037ec-c7a1-41d9-a84b-24eecd;Officer Practical payment
