id;version;insert_date;file_name;content
549fa06b-0a4c-4e03-8164-8e5f35553ac6;4892;2022-07-03;Steel Caribbean 24/365;../fake-data/blob/hipster.txt
52a50783-3a8e-42ca-8619-8564249deb85;23966;2022-07-04;Account gold parsing;../fake-data/blob/hipster.txt
9e9b4b09-e0e9-40c8-b7e4-4663c687282b;25800;2022-07-04;next-generation Optimization;../fake-data/blob/hipster.txt
54fbc0f2-3887-4038-8dba-2af81e0da49d;96330;2022-07-04;Decentralized Product wireless;../fake-data/blob/hipster.txt
e51d8470-877c-490c-9d06-5f1d4698255c;81026;2022-07-04;Rapids;../fake-data/blob/hipster.txt
19d5727d-ffe2-4668-8171-a2e95ebc5ba7;48611;2022-07-04;Upgradable Wooden Fish;../fake-data/blob/hipster.txt
43876c17-feb0-4d13-8ff6-02640103ed96;48842;2022-07-04;HDD homogeneous;../fake-data/blob/hipster.txt
76c2a6bf-ff3e-4d04-bb4d-6f1c3fa7c6be;72810;2022-07-04;markets haptic web;../fake-data/blob/hipster.txt
f6099232-0311-4d55-b808-4310916bde98;24548;2022-07-04;Creative TCP Response;../fake-data/blob/hipster.txt
448febe7-2631-411c-a6b8-f09313cd95bf;80934;2022-07-04;multi-byte;../fake-data/blob/hipster.txt
